{
  "runTime": {
    "iterations": [
      0.3300587499999999,
      0.26056774999999993,
      0.07660829100000001,
      0.27205208299999983,
      0.11073795799999994,
      0.25395404200000005,
      0.19348541699999988,
      0.06521037500000011,
      0.09220308400000021
    ],
    "total": 1.6548777499999998
  },
  "packings": [
    0.6068965517241379,
    0.6068965517241379,
    0.6068965517241379,
    0.676923076923077,
    0.676923076923077,
    0.676923076923077,
    0.676923076923077,
    0.7652173913043478,
    0.7652173913043478
  ],
  "bestScores": [
    0.8603256704980843,
    0.8603256704980843,
    0.8053256704980843,
    0.7177991452991452,
    0.7177991452991452,
    0.7177991452991452,
    0.7177991452991452,
    0.6817270531400966,
    0.6817270531400966
  ]
}